Player,Tm,2021-22,2022-23,2023-24,2024-25,2025-26,2026-27,Signed Using,Guaranteed
Stephen Curry,GSW,"$45,780,966 ","$48,070,014 ","$51,915,615 ","$55,761,216 ","$59,606,817 ",,Bird Rights,"$261,134,628 "
John Wall,HOU,"$44,310,840 ","$47,366,760 ",,,,,Bird Rights,"$44,310,840 "
Russell Westbrook,LAL,"$44,211,146 ","$47,063,478 ",,,,,Bird Rights,"$44,211,146 "
James Harden,BRK,"$43,848,000 ","$46,872,000 ",,,,,Bird Rights,"$43,848,000 "
Damian Lillard,POR,"$43,750,000 ","$47,250,000 ","$50,750,000 ","$54,250,000 ",,,1st Round Pick,"$196,000,000 "
LeBron James,LAL,"$41,180,544 ","$44,474,988 ",,,,,Bird,"$85,655,532 "
Kevin Durant,BRK,"$40,918,900 ","$42,969,845 ","$42,969,845 ","$49,856,021 ","$53,282,609 ",,Sign and Trade,"$229,997,220 "
Giannis Antetokounmpo,MIL,"$39,344,970 ","$42,492,568 ","$45,640,165 ","$48,787,763 ","$51,935,360 ",,Bird,"$176,265,466 "
Paul George,LAC,"$39,344,970 ","$42,492,568 ","$45,640,165 ","$48,787,763 ",,,Bird,"$127,477,703 "
Kawhi Leonard,LAC,"$39,344,900 ","$42,492,492 ","$45,640,084 ","$48,787,676 ",,,Early Bird,"$127,477,476 "
Klay Thompson,GSW,"$37,980,720 ","$40,600,080 ","$43,219,440 ",,,,Bird Rights,"$121,800,240 "
Jimmy Butler,MIA,"$36,016,200 ","$37,653,300 ","$45,183,960 ","$48,798,677 ","$52,413,394 ",,Sign and Trade,"$167,652,137 "
Tobias Harris,PHI,"$36,000,000 ","$38,482,759 ","$40,965,517 ",,,,Bird Rights,"$115,448,276 "
Khris Middleton,MIL,"$35,500,000 ","$37,948,276 ","$40,396,552 ",,,,Bird Rights,"$73,448,276 "
Anthony Davis,LAL,"$35,361,360 ","$37,980,720 ","$40,600,080 ","$43,219,440 ",,,Bird,"$113,942,160 "
Rudy Gobert,UTA,"$35,344,828 ","$38,172,414 ","$41,000,000 ","$43,827,587 ","$46,655,173 ",,Bird,"$158,344,829 "
Kyrie Irving,BRK,"$34,916,200 ","$36,503,300 ",,,,,Cap space,"$34,916,200 "
Bradley Beal,WAS,"$34,502,130 ","$37,262,300 ",,,,,Cap Space,"$34,502,130 "
Kristaps Porzi??is,DAL,"$31,650,600 ","$33,833,400 ","$36,016,200 ",,,,Bird Rights,"$65,484,000 "
Devin Booker,PHO,"$31,610,000 ","$33,790,000 ","$35,970,000 ",,,,1st round pick,"$101,370,000 "
,,Salary,,,,,,,
Karl-Anthony Towns,MIN,"$31,610,000 ","$33,790,000 ","$35,970,000 ",,,,1st Round Pick,"$101,370,000 "
Ben Simmons,PHI,"$31,590,000 ","$33,930,000 ","$36,270,000 ","$38,610,000 ",,,1st Round pick,"$140,400,000 "
Jamal Murray,DEN,"$31,590,000 ","$33,930,000 ","$36,270,000 ","$38,610,000 ",,,1st Round pick,"$140,400,000 "
Joel Embiid,PHI,"$31,579,390 ","$33,616,770 ","$43,732,500 ","$47,231,100 ","$50,729,700 ","$54,228,300 ",1st Round Pick,"$206,889,460 "
Andrew Wiggins,GSW,"$31,579,390 ","$33,616,770 ",,,,,1st Round Pick,"$65,196,160 "
Pascal Siakam,TOR,"$31,320,000 ","$33,640,000 ","$35,960,000 ",,,,1st Round pick,"$100,920,000 "
Kevin Love,CLE,"$31,300,000 ","$28,900,000 ",,,,,Bird Rights,"$60,200,000 "
CJ McCollum,POR,"$30,864,198 ","$33,333,333 ","$35,802,469 ",,,,1st Round Pick,"$100,000,000 "
Chris Paul,PHO,"$30,800,000 ","$28,400,000 ","$30,800,000 ","$30,000,000 ",,,Bird,"$75,000,000 "
Nikola Joki?,DEN,"$30,510,423 ","$32,478,837 ",,,,,Bird Rights,"$62,989,260 "
Jrue Holiday,MIL,"$30,133,333 ","$32,393,333 ","$34,653,333 ","$36,913,333 ",,,Bird,"$97,179,999 "
D'Angelo Russell,MIN,"$30,013,500 ","$31,377,750 ",,,,,Sign and Trade,"$61,391,250 "
Gordon Hayward,CHO,"$29,900,000 ","$30,100,000 ","$31,500,000 ",,,,Sign and Trade,"$91,500,000 "
Blake Griffin,DET,"$32,405,817 ",,,,,,,"$29,764,126 "
Brandon Ingram,NOP,"$29,467,800 ","$31,650,600 ","$33,833,400 ","$36,016,200 ",,,Bird,"$130,968,000 "
De'Aaron Fox,SAC,"$28,103,550 ","$30,351,834 ","$32,600,118 ","$34,848,402 ","$37,096,686 ",,Bird,"$163,000,590 "
Bam Adebayo,MIA,"$28,103,550 ","$30,351,834 ","$32,600,118 ","$34,848,402 ","$37,096,686 ",,Bird,"$163,000,590 "
Donovan Mitchell,UTA,"$28,103,550 ","$30,351,834 ","$32,600,118 ","$34,848,402 ","$37,096,686 ",,Bird,"$125,903,904 "
Jayson Tatum,BOS,"$28,103,550 ","$30,351,834 ","$32,600,118 ","$34,848,402 ","$37,096,686 ",,Bird,"$125,903,904 "
Al Horford,BOS,"$27,000,000 ","$26,500,000 ",,,,,Cap Space,"$41,500,000 "
,,Salary,,,,,,,
Kyle Lowry,MIA,"$26,984,128 ","$28,333,334 ","$29,682,540 ",,,,Bird,"$85,000,002 "
DeMar DeRozan,CHI,"$26,984,127 ","$28,333,333 ","$29,682,540 ",,,,Sign and Trade,"$85,000,000 "
Kemba Walker,OKC,"$8,729,020 ","$9,165,471 ",,,,,,"$53,669,500 "
Jaylen Brown,BOS,"$24,830,357 ","$26,669,643 ","$28,508,929 ",,,,1st Round pick,"$80,008,929 "
Draymond Green,GSW,"$24,026,712 ","$25,806,469 ","$27,586,225 ",,,,Bird Rights,"$49,833,181 "
Nikola Vu?evi?,CHI,"$24,000,000 ","$22,000,000 ",,,,,Bird Rights,"$46,000,000 "
John Collins,ATL,"$23,000,000 ","$23,500,000 ","$25,340,000 ","$26,580,000 ","$26,580,000 ",,Bird,"$125,000,000 "
Buddy Hield,SAC,"$22,477,273 ","$20,522,727 ","$18,568,182 ",,,,1st Round pick,"$61,568,182 "
Malcolm Brogdon,IND,"$21,700,000 ","$22,600,000 ",,,,,Sign and Trade,"$44,300,000 "
Tim Hardaway Jr.,DAL,"$21,306,816 ","$19,602,273 ","$17,897,728 ","$16,193,183 ",,,Bird,"$75,000,000 "
Mike Conley,UTA,"$21,000,000 ","$22,680,000 ","$24,360,000 ",,,,Bird,"$58,000,000 "
Gary Harris,ORL,"$20,482,143 ",,,,,,1st Round Pick,"$20,482,143 "
Danilo Gallinari,ATL,"$20,475,000 ","$21,450,000 ",,,,,Sign and Trade,"$25,475,000 "
Harrison Barnes,SAC,"$20,284,091 ","$18,352,273 ",,,,,Bird Rights,"$38,636,364 "
Jarrett Allen,CLE,"$20,000,000 ","$20,000,000 ","$20,000,000 ","$20,000,000 ","$20,000,000 ",,Bird,"$100,000,000 "
Jerami Grant,DET,"$20,000,000 ","$20,952,381 ",,,,,Sign and Trade,"$40,952,381 "
Julius Randle,NYK,"$19,800,000 ",,,,,,Cap Space,"$4,000,000 "
Lonzo Ball,CHI,"$19,767,442 ","$20,755,814 ","$21,744,186 ","$22,732,558 ",,,Sign and Trade,"$85,000,000 "
Fred VanVleet,TOR,"$19,675,926 ","$21,250,000 ","$22,824,074 ",,,,Bird,"$40,925,926 "
Zach LaVine,CHI,"$19,500,000 ",,,,,,Cap space,"$19,500,000 "
,,Salary,,,,,,,
Goran Dragi?,TOR,"$19,440,000 ",,,,,,Bird,"$19,440,000 "
Bojan Bogdanovi?,UTA,"$18,700,000 ","$19,550,000 ",,,,,Cap Space,"$38,250,000 "
Domantas Sabonis,IND,"$18,562,500 ","$19,937,500 ","$21,312,500 ",,,,1st Round pick,"$59,812,500 "
Eric Gordon,HOU,"$18,218,818 ","$19,568,360 ","$20,917,902 ",,,,Cap Space,"$37,787,178 "
Evan Fournier,NYK,"$18,139,535 ","$19,046,512 ","$19,953,488 ","$20,860,465 ",,,Sign and Trade,"$57,139,535 "
Eric Bledsoe,LAC,"$18,125,000 ","$19,375,000 ",,,,,Bird Rights,"$22,025,000 "
Myles Turner,IND,"$18,000,000 ","$18,000,000 ",,,,,1st Round pick,"$36,000,000 "
Bogdan Bogdanovi?,ATL,"$18,000,000 ","$18,000,000 ","$18,000,000 ",,,,Cap Space,"$36,000,000 "
Terry Rozier,CHO,"$17,905,263 ","$21,486,316 ","$23,205,221 ","$24,924,126 ","$26,643,031 ",,Sign and Trade,"$114,163,957 "
Ricky Rubio,MIN,"$17,809,524 ",,,,,,Cap Space,"$17,809,524 "
Caris LeVert,IND,"$17,500,000 ","$18,796,296 ",,,,,1st Round pick,"$36,296,296 "
Jonathan Isaac,ORL,"$17,400,000 ","$17,400,000 ","$17,400,000 ","$17,400,000 ",,,Bird,"$69,600,000 "
Joe Harris,BRK,"$17,357,143 ","$18,642,857 ","$19,928,571 ",,,,Bird,"$55,928,571 "
Spencer Dinwiddie,WAS,"$17,142,857 ","$18,000,000 ","$18,857,143 ",,,,Sign and Trade,"$45,142,857 "
Clint Capela,ATL,"$17,103,448 ","$18,206,897 ","$20,616,000 ","$22,265,280 ",,,Bird Rights,"$78,191,625 "
Steven Adams,MEM,"$17,073,171 ","$17,926,829 ",,,,,1st Round Pick,"$35,000,000 "
Markelle Fultz,ORL,"$16,500,000 ","$16,500,000 ","$17,000,000 ",,,,Bird,"$35,000,000 "
Aaron Gordon,DEN,"$16,409,091 ","$19,690,909 ","$21,266,182 ","$22,841,455 ","$22,841,455 ",,Bird Rights,"$80,207,637 "
OG Anunoby,TOR,"$16,071,429 ","$17,357,143 ","$18,642,857 ","$19,928,571 ",,,Bird,"$72,000,000 "
D?vis Bert?ns,WAS,"$16,000,000 ","$16,000,000 ","$17,000,000 ","$16,000,000 ",,,Bird,"$60,000,000 "
,,Salary,,,,,,,
Gary Trent Jr.,TOR,"$16,000,000 ","$17,280,000 ","$18,560,000 ",,,,Bird,"$33,280,000 "
Lauri Markkanen,CLE,"$15,690,909 ","$16,475,454 ","$35,304,543 ",,,,Sign and Trade,"$55,426,362 "
Marcus Morris,LAC,"$15,627,907 ","$16,372,093 ","$17,116,279 ",,,,Non Bird,"$49,116,279 "
Duncan Robinson,MIA,"$15,560,000 ","$16,902,000 ","$18,154,000 ","$19,406,000 ","$19,888,000 ",,Bird,"$79,910,000 "
Norman Powell,POR,"$15,517,242 ","$16,758,621 ","$18,000,000 ","$19,241,379 ","$20,482,758 ",,Bird,"$90,000,000 "
Dejounte Murray,SAS,"$15,428,571 ","$16,571,429 ","$17,714,286 ",,,,1st Round pick,"$49,714,286 "
Will Barton,DEN,"$30,264,615 ","$16,615,385 ",,,,,Bird,"$32,000,000 "
Derrick White,SAS,"$15,178,571 ","$16,392,857 ","$17,607,143 ","$18,821,429 ",,,Bird,"$68,000,000 "
Taurean Prince,CLE,"$15,057,692 ",,,,,,1st Round pick,"$15,057,692 "
Andre Iguodala,MIA,"$17,641,691 ",,,,,,,
Will Barton,DEN,"$30,264,615 ","$16,615,385 ",,,,,Bird Rights,"$32,000,000 "
Malik Beasley,MIN,"$14,391,964 ","$15,458,035 ","$16,524,106 ",,,,Bird,"$29,849,999 "
Marcus Smart,BOS,"$14,339,285 ","$16,607,142 ","$18,583,713 ","$19,960,285 ","$21,336,856 ",,Bird Rights,"$90,827,281 "
Patrick Beverley,MIN,"$14,320,988 ",,,,,,Bird Rights,"$14,320,988 "
Thaddeus Young,SAS,"$14,190,000 ",,,,,,Cap space,"$14,190,000 "
Joe Ingles,UTA,"$14,000,000 ",,,,,,Bird Rights,"$14,000,000 "
Jonas Valan?i?nas,NOP,"$14,000,000 ",,,,,,Bird Rights,"$14,000,000 "
Doug McDermott,SAS,"$13,750,000 ","$13,750,000 ","$13,750,000 ",,,,Sign and Trade,"$41,250,000 "
Christian Wood,HOU,"$13,666,667 ","$14,317,459 ",,,,,Sign and Trade,"$27,984,126 "
Derrick Rose,NYK,"$13,445,120 ","$14,520,730 ","$15,596,339 ",,,,Early Bird,"$27,965,850 "
,,Salary,,,,,,,
Brook Lopez,MIL,"$13,302,325 ","$13,906,976 ",,,,,Cap Space,"$27,209,301 "
Kentavious Caldwell-Pope,WAS,"$13,038,862 ","$14,004,703 ",,,,,Early Bird,"$17,926,980 "
Kyle Kuzma,WAS,"$13,000,000 ","$13,000,000 ","$13,000,000 ",,,,Bird,"$26,000,000 "
Justise Winslow,MEM,"$16,902,439 ","$4,097,561 ",,,,,,
Robert Covington,POR,"$12,975,471 ",,,,,,Cap Space,"$12,975,471 "
Luke Kennard,LAC,"$12,727,273 ","$13,745,455 ","$14,763,636 ","$14,763,636 ",,,Bird,"$41,236,364 "
T.J. Warren,IND,"$12,690,000 ",,,,,,1st Round Pick,"$12,690,000 "
Deandre Ayton,PHO,"$12,632,950 ",,,,,,1st Round Pick,"$12,632,950 "
Terrence Ross,ORL,"$12,500,000 ","$11,500,000 ",,,,,Bird Rights,"$24,000,000 "
Jordan Clarkson,UTA,"$12,420,000 ","$13,340,000 ","$14,260,000 ",,,,Bird,"$25,760,000 "
Dillon Brooks,MEM,"$12,200,000 ","$11,400,000 ",,,,,MLE,"$23,600,000 "
Kelly Olynyk,DET,"$12,195,122 ","$12,804,878 ","$12,195,122 ",,,,Cap Space,"$28,000,000 "
Kelly Oubre Jr.,CHO,"$12,000,000 ","$12,600,000 ",,,,,Cap Space,"$17,000,000 "
Josh Hart,NOP,"$12,000,000 ","$12,960,000 ","$12,960,000 ",,,,Bird,"$12,000,000 "
Jusuf Nurki?,POR,"$12,000,000 ",,,,,,Bird Rights,"$4,000,000 "
Josh Richardson,BOS,"$11,600,000 ","$12,384,672 ",,,,,Minimum Salary,"$23,984,672 "
Marvin Bagley III,SAC,"$11,312,114 ",,,,,,1st Round Pick,"$11,312,114 "
Devonte' Graham,NOP,"$11,000,000 ","$11,550,000 ","$12,100,000 ","$12,650,000 ",,,Sign and Trade,"$37,500,000 "
Dwight Powell,DAL,"$11,000,000 ","$11,814,815 ",,,,,Cap Space,"$22,814,815 "
Zion Williamson,NOP,"$10,733,400 ","$13,534,817 ",,,,,1st Round Pick,"$10,733,400 "
,,Salary,,,,,,,
Larry Nance Jr.,POR,"$10,690,909 ","$9,672,727 ",,,,,1st Round pick,"$20,363,636 "
Jeremy Lamb,IND,"$10,500,000 ",,,,,,Cap Space,"$10,500,000 "
Richaun Holmes,SAC,"$10,384,500 ","$11,215,260 ","$12,046,020 ","$12,876,780 ",,,Early Bird,"$33,645,780 "
Reggie Jackson,LAC,"$10,384,500 ","$11,215,260 ",,,,,Early Bird,"$21,599,760 "
Anthony Edwards,MIN,"$10,245,480 ","$10,733,400 ","$13,534,817 ",,,,1st Round Pick,"$10,245,480 "
Al-Farouq Aminu,SAS,"$10,183,800 ",,,,,,MLE,"$10,183,800 "
Luka Don?i?,DAL,"$10,174,391 ","$35,700,000 ","$38,556,000 ","$41,412,000 ","$44,268,000 ","$47,124,000 ",1st Round Pick,"$217,234,391 "
Cade Cunningham,DET,"$10,050,120 ","$10,552,800 ","$11,055,240 ","$13,940,658 ",,,1st Round Pick,"$20,602,920 "
Danny Green,PHI,"$10,000,000 ","$10,000,000 ",,,,,Early Bird,"$10,000,000 "
Tomáš Satoranský,NOP,"$10,000,000 ",,,,,,Sign and Trade,"$5,000,000 "
Kyle Anderson,MEM,"$9,937,150 ",,,,,,MLE,"$9,937,150 "
Serge Ibaka,LAC,"$9,742,000 ",,,,,,MLE,"$9,742,000 "
Derrick Jones Jr.,CHI,"$9,731,707 ",,,,,,MLE,"$9,731,707 "
Jae Crowder,PHO,"$9,720,900 ","$10,183,800 ",,,,,MLE,"$19,904,700 "
Montrezl Harrell,WAS,"$9,720,900 ",,,,,,MLE,"$9,720,900 "
Tristan Thompson,SAC,"$9,720,900 ",,,,,,MLE,"$9,720,900 "
Derrick Favors,OKC,"$9,720,900 ","$10,183,800 ",,,,,MLE,"$9,720,900 "
Ja Morant,MEM,"$9,603,360 ","$12,119,440 ",,,,,1st Round Pick,"$9,603,360 "
Reggie Bullock,DAL,"$9,536,000 ","$10,012,800 ","$10,489,600 ",,,,MLE,"$25,000,000 "
Alec Burks,NYK,"$9,536,000 ","$10,012,800 ","$10,489,600 ",,,,Cap Space,"$19,548,800 "
,,Salary,,,,,,,
Talen Horton-Tucker,LAL,"$9,500,000 ","$10,260,000 ","$11,020,000 ",,,,Early Bird,"$19,760,000 "
Jaren Jackson Jr.,MEM,"$9,180,560 ",,,,,,1st Round Pick,"$9,180,560 "
James Wiseman,GSW,"$9,166,800 ","$9,603,360 ","$12,119,440 ",,,,1st Round Pick,"$9,166,800 "
Nicolas Batum,CHO,"$12,213,507 ","$12,372,008 ",,,,,,"$18,086,956 "
Dario Šari?,PHO,"$9,000,000 ","$9,666,667 ",,,,,Bird,"$18,666,667 "
Jalen Green,HOU,"$8,992,200 ","$9,441,720 ","$9,891,600 ","$12,483,199 ",,,1st Round Pick,"$18,433,920 "
Nerlens Noel,NYK,"$8,800,000 ","$9,240,000 ","$9,680,000 ",,,,Cap Space,"$18,040,000 "
Jakob Poeltl,SAS,"$8,750,000 ","$9,398,148 ",,,,,Bird,"$18,148,148 "
Maxi Kleber,DAL,"$8,750,000 ","$9,000,000 ",,,,,Early Bird Rights,"$8,750,000 "
Thomas Bryant,WAS,"$8,730,159 ",,,,,,Early Bird Rights,"$8,730,159 "
Kemba Walker,NYK,"$8,729,020 ","$9,165,471 ",,,,,Cap Space,"$17,894,491 "
Royce O'Neale,UTA,"$8,678,571 ","$9,321,429 ","$9,964,286 ",,,,Cap space,"$27,964,286 "
RJ Barrett,NYK,"$8,623,920 ","$10,900,635 ",,,,,1st Round Pick,"$8,623,920 "
Alex Caruso,CHI,"$8,604,651 ","$9,034,884 ","$9,465,116 ","$9,895,349 ",,,MLE,"$37,000,000 "
Delon Wright,ATL,"$8,526,316 ",,,,,,Sign and Trade,"$8,526,316 "
De'Anthony Melton,MEM,"$8,437,500 ","$9,062,500 ","$9,687,500 ",,,,Early Bird,"$27,187,500 "
Daniel Theis,HOU,"$8,372,093 ","$8,790,698 ","$9,209,302 ","$9,627,907 ",,,Sign and Trade,"$36,000,000 "
Monte Morris,DEN,"$8,333,333 ","$9,000,000 ","$9,666,667 ",,,,Bird,"$27,000,000 "
Trae Young,ATL,"$8,326,471 ","$29,750,000 ","$32,130,000 ","$34,510,000 ","$36,890,000 ","$39,270,000 ",1st Round Pick,"$180,876,471 "
JaMychal Green,DEN,"$15,852,431 ","$8,707,317 ",,,,,Non Bird,"$24,559,748 "
,,Salary,,,,,,,
LaMelo Ball,CHO,"$8,231,760 ","$8,623,920 ","$10,900,635 ",,,,1st Round Pick,"$8,231,760 "
Seth Curry,PHI,"$8,186,047 ","$8,558,140 ",,,,,MLE,"$16,744,187 "
Mason Plumlee,CHO,"$8,137,500 ","$8,525,000 ",,,,,Cap space,"$16,662,500 "
Evan Mobley,CLE,"$8,075,160 ","$8,478,720 ","$8,882,760 ","$11,227,809 ",,,1st Round Pick,"$16,553,880 "
Cedi Osman,CLE,"$8,050,000 ","$7,350,000 ","$6,650,000 ",,,,MLE,"$15,400,000 "
DeAndre Jordan,DET,"$2,641,691 ",,,,,,,"$15,703,440 "
De'Andre Hunter,ATL,"$7,775,400 ","$9,835,881 ",,,,,1st Round Pick,"$7,775,400 "
Mo Bamba,ORL,"$7,568,742 ",,,,,,1st Round Pick,"$7,568,742 "
JaMychal Green,DEN,"$15,852,431 ","$8,707,317 ",,,,,MLE,"$24,559,748 "
Tyus Jones,MEM,"$7,522,200 ",,,,,,MLE,"$7,522,200 "
Ivica Zubac,LAC,"$7,518,518 ","$7,518,518 ",,,,,Bird Rights,"$7,518,518 "
T.J. McConnell,IND,"$7,500,000 ","$8,100,000 ","$8,700,000 ","$9,300,000 ",,,Early Bird,"$29,300,000 "
Patrick Williams,CHI,"$7,422,000 ","$7,775,400 ","$9,835,881 ",,,,1st Round Pick,"$15,197,400 "
Scottie Barnes,TOR,"$7,280,520 ","$7,644,720 ","$8,008,560 ","$10,130,828 ",,,1st Round Pick,"$14,925,240 "
Darius Garland,CLE,"$7,040,880 ","$8,920,795 ",,,,,1st Round Pick,"$7,040,880 "
Juan Hernangómez,BOS,"$7,012,440 ","$7,531,880 ",,,,,Bird,"$7,012,440 "
Chris Boucher,TOR,"$7,009,615 ",,,,,,Early Bird,"$7,009,615 "
D.J. Augustin,HOU,"$7,000,000 ","$7,333,333 ",,,,,MLE,"$7,333,333 "
P.J. Tucker,MIA,"$7,000,000 ","$7,350,000 ",,,,,MLE,"$7,000,000 "
Zach Collins,SAS,"$6,984,127 ","$7,333,333 ","$7,682,540 ",,,,Cap Space,"$22,000,000 "
,,Salary,,,,,,,
Wendell Carter Jr.,ORL,"$6,920,027 ",,,,,,,
Isaac Okoro,CLE,"$6,720,720 ","$7,040,880 ","$8,920,795 ",,,,1st Round Pick,"$6,720,720 "
Jalen Suggs,ORL,"$6,593,040 ","$6,922,440 ","$7,252,200 ","$9,188,537 ",,,1st Round Pick,"$13,515,480 "
Cameron Payne,PHO,"$6,500,000 ","$6,000,000 ","$6,500,000 ",,,,Early Bird,"$14,500,000 "
Joakim Noah,NYK,"$6,431,666 ",,,,,,,"$6,431,666 "
Jarrett Culver,MEM,"$6,395,160 ","$8,109,063 ",,,,,1st Round Pick,"$6,395,160 "
Khem Birch,TOR,"$6,350,000 ","$6,667,750 ","$6,985,000 ",,,,MLE,"$20,002,750 "
Collin Sexton,CLE,"$6,349,671 ",,,,,,1st Round Pick,"$6,349,671 "
Onyeka Okongwu,ATL,"$6,104,280 ","$6,395,160 ","$8,109,063 ",,,,1st Round Pick,"$6,104,280 "
Justin Holiday,IND,"$6,006,420 ","$6,292,440 ",,,,,Non Bird,"$12,298,860 "
Josh Giddey,OKC,"$5,988,000 ","$6,287,400 ","$6,587,040 ","$8,352,367 ",,,1st Round Pick,"$12,275,400 "
Avery Bradley,HOU,"$8,558,441 ",,,,,,,
Rudy Gay,UTA,"$5,890,000 ","$6,184,500 ","$6,479,000 ",,,,Mini MLE,"$12,074,500 "
Patty Mills,BRK,"$5,890,000 ","$6,184,500 ",,,,,Mini MLE,"$5,890,000 "
Dennis Schröder,BOS,"$5,890,000 ",,,,,,Mini MLE,"$5,890,000 "
Kevin Knox,NYK,"$5,845,978 ",,,,,,1st Round Pick,"$5,845,978 "
Coby White,CHI,"$5,837,760 ","$7,413,955 ",,,,,1st Round Pick,"$5,837,760 "
Timofey Mozgov,ORL,"$5,573,334 ",,,,,,,"$5,573,334 "
Killian Hayes,DET,"$5,572,680 ","$5,837,760 ","$7,413,955 ",,,,1st Round Pick,"$11,410,440 "
Mikal Bridges,PHO,"$5,557,725 ",,,,,,1st Round Pick,"$5,557,725 "
,,Salary,,,,,,,
Shai Gilgeous-Alexander,OKC,"$5,495,532 ","$29,750,000 ","$32,130,000 ","$34,510,000 ","$36,890,000 ","$39,270,000 ",1st Round Pick,"$178,045,532 "
Jonathan Kuminga,GSW,"$5,466,360 ","$5,739,960 ","$6,012,720 ","$7,636,154 ",,,1st Round Pick,"$11,206,320 "
Miles Bridges,CHO,"$5,421,493 ",,,,,,1st Round Pick,"$5,421,493 "
Jaxson Hayes,NOP,"$5,348,280 ","$6,803,012 ",,,,,1st Round Pick,"$12,151,292 "
Pat Connaughton,MIL,"$5,333,333 ","$5,728,395 ",,,,,Early Bird,"$5,333,333 "
Michael Porter Jr.,DEN,"$5,258,735 ","$29,750,000 ","$32,130,000 ","$34,510,000 ","$36,890,000 ","$39,270,000 ",1st Round Pick,"$150,538,735 "
Ryan Anderson,MIA,"$5,214,584 ",,,,,,,"$5,214,584 "
Hamidou Diallo,DET,"$5,200,000 ","$5,200,000 ",,,,,Bird,"$5,200,000 "
Kevon Looney,GSW,"$5,178,572 ",,,,,,Bird Rights,"$5,178,572 "
Troy Brown Jr.,CHI,"$5,170,564 ",,,,,,1st Round Pick,"$5,170,564 "
Obi Toppin,NYK,"$5,105,160 ","$5,348,280 ","$6,803,012 ",,,,1st Round Pick,"$5,105,160 "
Franz Wagner,ORL,"$5,007,840 ","$5,258,280 ","$5,508,720 ","$7,007,092 ",,,1st Round Pick,"$10,266,120 "
Kris Dunn,MEM,"$5,005,350 ",,,,,,Room Exception,"$5,005,350 "
Josh Jackson,DET,"$5,005,350 ",,,,,,Room Exception,"$5,005,350 "
JaVale McGee,PHO,"$5,000,000 ",,,,,,MLE,"$5,000,000 "
Robin Lopez,ORL,"$5,000,000 ",,,,,,MLE,"$5,000,000 "
Kendrick Nunn,LAL,"$5,000,000 ","$5,250,000 ",,,,,Mini MLE,"$5,000,000 "
Lou Williams,ATL,"$5,000,000 ",,,,,,Bird,"$5,000,000 "
Luol Deng,LAL,"$4,990,000 ",,,,,,,"$4,990,000 "
Rui Hachimura,WAS,"$4,916,160 ","$6,263,188 ",,,,,1st Round Pick,"$4,916,160 "
,,Salary,,,,,,,
Garrett Temple,NOP,"$4,910,000 ","$5,155,500 ","$5,401,000 ",,,,Sign and Trade,"$10,065,500 "
Cory Joseph,DET,"$4,910,000 ","$5,155,000 ",,,,,Room Exception,"$7,310,000 "
Taj Gibson,NYK,"$4,910,000 ","$5,155,500 ",,,,,Room Exception,"$4,910,000 "
Torrey Craig,IND,"$4,878,049 ","$5,121,951 ",,,,,MLE,"$10,000,000 "
Rajon Rondo,MEM,"$2,641,691 ",,,,,,,"$4,858,309 "
Bruce Brown,BRK,"$4,736,102 ",,,,,,,"$4,736,102 "
Deni Avdija,WAS,"$4,692,840 ","$4,916,160 ","$6,263,188 ",,,,1st Round Pick,"$4,692,840 "
Donte DiVincenzo,MIL,"$4,675,830 ",,,,,,1st Round Pick,"$4,675,830 "
Cam Reddish,ATL,"$4,670,160 ","$5,954,454 ",,,,,1st Round Pick,"$4,670,160 "
David Nwaba,HOU,"$4,650,000 ","$5,022,000 ","$5,394,000 ",,,,Early Bird,"$9,672,000 "
Furkan Korkmaz,PHI,"$4,629,630 ","$5,000,000 ","$5,370,370 ",,,,Bird,"$15,000,000 "
Davion Mitchell,SAC,"$4,603,320 ","$4,833,600 ","$5,063,760 ","$6,451,230 ",,,1st Round Pick,"$9,436,920 "
Bryn Forbes,SAS,"$4,500,000 ",,,,,,Room Exception,"$4,500,000 "
Jeff Green,DEN,"$4,500,000 ","$4,500,000 ",,,,,MLE,"$4,500,000 "
Ish Smith,CHO,"$4,500,000 ","$4,725,000 ",,,,,Room Exception,"$4,500,000 "
Jalen Smith,PHO,"$4,458,000 ","$4,670,160 ","$5,954,454 ",,,,1st Round Pick,"$4,458,000 "
Lonnie Walker,SAS,"$4,447,896 ",,,,,,1st Round Pick,"$4,447,896 "
Cameron Johnson,PHO,"$4,437,000 ","$5,887,899 ",,,,,1st Round Pick,"$4,437,000 "
Ziaire Williams,MEM,"$4,373,160 ","$4,591,920 ","$4,810,200 ","$6,133,005 ",,,1st Round Pick,"$8,965,080 "
Maurice Harkless,SAC,"$4,347,600 ","$4,564,980 ",,,,,Non Bird,"$8,912,580 "
,,Salary,,,,,,,
Bobby Portis,MIL,"$8,151,750 ","$4,564,980 ",,,,,Non Bird,"$4,347,600 "
Jarred Vanderbilt,MIN,"$4,259,259 ","$4,600,000 ","$4,940,741 ",,,,Bird,"$13,800,000 "
Kevin Huerter,ATL,"$4,253,357 ",,,,,,1st Round Pick,"$4,253,357 "
Devin Vassell,SAS,"$4,235,160 ","$4,437,000 ","$5,887,899 ",,,,1st Round Pick,"$4,235,160 "
P.J. Washington,CHO,"$4,215,120 ","$5,808,435 ",,,,,1st Round Pick,"$4,215,120 "
Willie Cauley-Stein,DAL,"$4,200,000 ",,,,,,MLE,"$4,200,000 "
James Bouknight,CHO,"$4,154,400 ","$4,362,240 ","$4,570,080 ","$6,064,496 ",,,1st Round Pick,"$8,516,640 "
Josh Okogie,MIN,"$4,087,904 ",,,,,,1st Round Pick,"$4,087,904 "
Grayson Allen,MIL,"$4,054,695 ",,,,,,1st Round Pick,"$4,054,695 "
Tyrese Haliburton,SAC,"$4,023,600 ","$4,215,120 ","$5,808,435 ",,,,1st Round Pick,"$4,023,600 "
Chandler Hutchison,SAS,,,,,,,,"$4,019,459 "
Tyler Herro,MIA,"$4,004,280 ","$5,722,116 ",,,,,1st Round Pick,"$9,726,396 "
Terence Davis,SAC,"$4,000,000 ","$4,000,000 ",,,,,Early Bird,"$8,000,000 "
George Hill,MIL,"$4,000,000 ","$4,000,000 ",,,,,MLE,"$8,000,000 "
Dorian Finney-Smith,DAL,"$4,000,000 ",,,,,,Bird Rights,"$4,000,000 "
Gorgui Dieng,ATL,"$4,000,000 ",,,,,,MLE,"$4,000,000 "
Aaron Holiday,WAS,"$3,980,551 ",,,,,,1st Round Pick,"$3,980,551 "
Joshua Primo,SAS,"$3,946,800 ","$4,144,320 ","$4,341,600 ","$5,982,725 ",,,1st Round Pick,"$8,091,120 "
Jake Layman,MIN,"$3,940,184 ",,,,,,Sign and Trade,"$3,940,184 "
Anfernee Simons,POR,"$3,938,818 ",,,,,,1st Round Pick,"$3,938,818 "
,,Salary,,,,,,,
Justise Winslow,LAC,"$16,902,439 ","$4,097,561 ",,,,,Mini MLE,"$8,000,000 "
Danuel House,HOU,"$3,894,000 ",,,,,,MLE,"$3,894,000 "
Jevon Carter,PHO,"$3,833,333 ","$4,117,284 ",,,,,Early Bird,"$7,950,617 "
Kira Lewis Jr.,NOP,"$3,822,240 ","$4,004,280 ","$5,722,116 ",,,,1st Round Pick,"$7,826,520 "
Romeo Langford,BOS,"$3,804,360 ","$5,634,257 ",,,,,1st Round Pick,"$3,804,360 "
Bobby Portis,MIL,"$8,151,750 ","$4,564,980 ",,,,,Bi-Annual Exception,"$4,347,600 "
Facundo Campazzo,DEN,"$3,804,150 ",,,,,,Bi-Annual Exception,"$3,804,150 "
Landry Shamet,BRK,"$3,768,342 ",,,,,,1st Round Pick,"$3,768,342 "
Chris Duarte,IND,"$3,749,520 ","$3,936,960 ","$4,124,280 ","$5,893,596 ",,,1st Round Pick,"$7,686,480 "
Alex Len,SAC,"$3,731,707 ","$3,918,293 ",,,,,Bi-Annual Exception,"$7,650,000 "
Gabriel Deck,OKC,"$3,670,000 ","$3,480,000 ","$3,480,000 ",,,,,
Robert Williams,BOS,"$3,661,976 ","$10,700,000 ","$11,556,000 ","$12,412,000 ","$13,268,000 ",,1st Round Pick,"$51,597,976 "
Aaron Nesmith,BOS,"$3,631,200 ","$3,804,360 ","$5,634,257 ",,,,1st Round Pick,"$3,631,200 "
Sekou Doumbouya,HOU,,,,,,,,"$3,613,680 "
Moses Moody,GSW,"$3,562,080 ","$3,740,160 ","$3,918,480 ","$5,803,269 ",,,1st Round Pick,"$7,302,240 "
Boban Marjanovi?,DAL,"$3,500,000 ","$3,500,000 ",,,,,Early Bird,"$7,000,000 "
Mike Muscala,OKC,"$3,500,000 ","$3,500,000 ",,,,,MLE,"$3,500,000 "
Cole Anthony,ORL,"$3,449,400 ","$3,613,680 ","$5,539,771 ",,,,1st Round Pick,"$7,063,080 "
Corey Kispert,WAS,"$3,383,640 ","$3,552,960 ","$3,722,040 ","$5,705,887 ",,,1st Round Pick,"$6,936,600 "
Trey Burke,DAL,"$3,333,333 ","$3,492,063 ",,,,,MLE,"$3,333,333 "
,,Salary,,,,,,,
Georges Niang,PHI,"$3,300,000 ","$3,465,000 ",,,,,MLE,"$6,765,000 "
Chuma Okeke,ORL,"$3,277,080 ","$3,433,320 ","$5,266,713 ",,,,1st Round Pick,"$6,710,400 "
Isaiah Stewart,DET,"$3,277,080 ","$3,433,320 ","$5,266,713 ",,,,1st Round Pick,"$6,710,400 "
Nickeil Alexander-Walker,NOP,"$3,261,480 ","$5,009,633 ",,,,,1st Round Pick,"$8,271,113 "
Alperen ?engün,HOU,"$3,214,680 ","$3,375,480 ","$3,536,400 ","$5,424,838 ",,,1st Round Pick,"$6,590,160 "
Nicolas Batum,LAC,"$12,213,507 ","$12,372,008 ",,,,,Non Bird,"$3,170,029 "
Jon Leuer,MIL,"$3,169,347 ",,,,,,,"$3,169,347 "
Aleksej Pokusevski,OKC,"$3,113,160 ","$3,261,480 ","$5,009,633 ",,,,1st Round Pick,"$3,113,160 "
Goga Bitadze,IND,"$3,098,400 ","$4,765,339 ",,,,,1st Round Pick,"$3,098,400 "
Trey Murphy III,NOP,"$3,053,760 ","$3,206,640 ","$3,359,280 ","$5,159,854 ",,,1st Round Pick,"$6,260,400 "
Sterling Brown,DAL,"$3,000,000 ","$3,000,000 ",,,,,Bi-Annual Exception,"$6,000,000 "
Michael Carter-Williams,ORL,"$3,000,000 ",,,,,,Early Bird,"$3,000,000 "
Frank Jackson,DET,"$3,000,000 ","$3,150,000 ",,,,,Cap Space,"$3,000,000 "
Ryan Arcidiacono,CHI,"$4,789,256 ",,,,,,,
Josh Green,DAL,"$2,957,520 ","$3,098,400 ","$4,765,339 ",,,,1st Round Pick,"$2,957,520 "
Tre Mann,OKC,"$2,901,240 ","$3,046,200 ","$3,191,280 ","$4,908,189 ",,,1st Round Pick,"$5,947,440 "
Dewayne Dedmon,DET,"$5,256,308 ","$2,866,667 ","$2,866,667 ","$2,866,667 ",,,,"$11,466,668 "
Andrew Nicholson,POR,"$2,844,429 ","$2,844,429 ","$2,844,429 ",,,,,"$8,533,287 "
Matisse Thybulle,PHI,"$2,840,160 ","$4,379,527 ",,,,,1st Round Pick,"$2,840,160 "
Saddiq Bey,DET,"$2,824,320 ","$2,959,080 ","$4,556,983 ",,,,1st Round Pick,"$5,783,400 "
,,Salary,,,,,,,
Kai Jones,CHO,"$2,770,560 ","$2,909,160 ","$3,047,760 ","$4,693,550 ",,,1st Round Pick,"$5,679,720 "
Brandon Clarke,MEM,"$2,726,880 ","$4,343,920 ",,,,,1st Round Pick,"$2,726,880 "
Precious Achiuwa,TOR,"$2,711,280 ","$2,840,160 ","$4,379,527 ",,,,1st Round Pick,"$2,711,280 "
Jalen Johnson,ATL,"$2,659,560 ","$2,792,520 ","$2,925,480 ","$4,511,090 ",,,1st Round Pick,"$5,452,080 "
Patrick Patterson,POR,"$3,378,757 ",,,,,,Minimum Salary,"$2,641,691 "
E'Twaun Moore,ORL,"$2,641,691 ",,,,,,Minimum Salary,"$2,641,691 "
Udonis Haslem,MIA,"$2,641,691 ",,,,,,Minimum Salary,"$2,641,691 "
Markieff Morris,MIA,"$2,641,691 ",,,,,,Minimum Salary,"$2,641,691 "
DeAndre Jordan,LAL,"$2,641,691 ",,,,,,Minimum Salary,"$2,641,691 "
Rajon Rondo,LAL,"$2,641,691 ",,,,,,Minimum Salary,"$2,641,691 "
Dwight Howard,LAL,"$2,641,691 ",,,,,,Minimum Salary,"$2,641,691 "
Wayne Ellington,LAL,"$2,641,691 ",,,,,,Minimum Salary,"$2,641,691 "
Trevor Ariza,LAL,"$2,641,691 ",,,,,,Minimum Salary,"$2,641,691 "
Carmelo Anthony,LAL,"$2,641,691 ",,,,,,Minimum Salary,"$2,641,691 "
Andre Iguodala,GSW,"$17,641,691 ",,,,,,Minimum Salary,"$2,641,691 "
Paul Millsap,BRK,"$2,641,691 ",,,,,,Minimum Salary,"$2,641,691 "
LaMarcus Aldridge,BRK,"$2,641,691 ",,,,,,Minimum Salary,"$2,641,691 "
Blake Griffin,BRK,"$32,405,817 ",,,,,,Minimum Salary,"$2,641,691 "
James Johnson,BRK,"$2,641,691 ",,,,,,Minimum Salary,"$2,641,691 "
Enes Kanter,BOS,"$2,641,691 ",,,,,,Minimum Salary,"$2,641,691 "
,,Salary,,,,,,,
Avery Bradley,GSW,"$8,558,441 ",,,,,,,
Ed Davis,CLE,"$2,641,691 ",,,,,,,
Grant Williams,BOS,"$2,617,800 ","$4,306,281 ",,,,,1st Round Pick,"$2,617,800 "
Tyrese Maxey,PHI,"$2,602,920 ","$2,726,880 ","$4,343,920 ",,,,1st Round Pick,"$2,602,920 "
Keon Johnson,LAC,"$2,553,120 ","$2,681,040 ","$2,808,720 ","$4,474,291 ",,,1st Round Pick,"$5,234,160 "
Darius Bazley,OKC,"$2,513,040 ","$4,264,629 ",,,,,1st Round Pick,"$2,513,040 "
Dante Exum,HOU,"$2,500,000 ","$2,700,000 ","$2,900,000 ",,,,Bird,"$2,500,000 "
Trey Lyles,DET,"$2,500,000 ","$2,625,000 ",,,,,Cap Space,"$2,500,000 "
Zeke Nnaji,DEN,"$2,498,760 ","$2,617,800 ","$4,306,281 ",,,,1st Round Pick,"$5,116,560 "
Isaiah Jackson,IND,"$2,451,120 ","$2,573,760 ","$2,696,280 ","$4,435,381 ",,,1st Round Pick,"$5,024,880 "
Ty Jerome,OKC,"$2,412,840 ","$4,220,057 ",,,,,1st Round Pick,"$2,412,840 "
Hassan Whiteside,UTA,"$2,401,537 ",,,,,,Minimum Salary,"$2,401,537 "
Andre Drummond,PHI,"$2,401,537 ",,,,,,Minimum Salary,"$2,401,537 "
Kent Bazemore,LAL,"$2,401,537 ",,,,,,Minimum Salary,"$2,401,537 "
Austin Rivers,DEN,"$2,401,537 ",,,,,,Minimum Salary,"$2,401,537 "
Cory Joseph,DET,"$4,910,000 ","$5,155,000 ",,,,,,"$7,310,000 "
Tony Snell,POR,"$2,389,641 ",,,,,,Minimum Salary,"$2,389,641 "
Cody Zeller,POR,"$2,389,641 ",,,,,,Minimum Salary,"$2,389,641 "
Ben McLemore,POR,"$2,389,641 ",,,,,,Minimum Salary,"$2,389,641 "
Victor Oladipo,MIA,"$2,389,641 ",,,,,,Minimum Salary,"$2,389,641 "
,,Salary,,,,,,,
Dewayne Dedmon,MIA,"$5,256,308 ","$2,866,667 ","$2,866,667 ","$2,866,667 ",,,Minimum Salary,"$2,389,641 "
Otto Porter,GSW,"$2,389,641 ",,,,,,Minimum Salary,"$2,389,641 "
Solomon Hill,ATL,"$2,389,641 ",,,,,,Minimum Salary,"$2,389,641 "
Leandro Bolmaro,MIN,"$2,353,320 ","$2,471,160 ","$2,588,400 ","$4,392,515 ",,,1st Round Pick,"$4,824,480 "
Usman Garuba,HOU,"$2,353,320 ","$2,471,160 ","$2,588,400 ","$4,392,515 ",,,1st Round Pick,"$4,824,480 "
Willy Hernangómez,NOP,"$2,327,220 ","$2,443,581 ","$2,559,942 ",,,,Non Bird,"$4,770,801 "
Nassir Little,POR,"$2,316,240 ","$4,171,548 ",,,,,1st Round Pick,"$6,487,788 "
R.J. Hampton,ORL,"$2,303,040 ","$2,412,840 ","$4,220,057 ",,,,1st Round Pick,"$4,715,880 "
Jabari Parker,BOS,"$2,283,034 ",,,,,,,
Josh Christopher,HOU,"$2,259,240 ","$2,372,160 ","$2,485,200 ","$4,346,615 ",,,1st Round Pick,"$4,631,400 "
Monta Ellis,IND,"$2,245,400 ",,,,,,,"$2,245,400 "
Elfrid Payton,PHO,"$2,239,544 ",,,,,,Minimum Salary,"$2,239,544 "
Rodney Hood,MIL,"$2,239,544 ",,,,,,Minimum Salary,"$2,239,544 "
Dylan Windler,CLE,"$2,239,200 ","$4,037,278 ",,,,,1st Round Pick,"$2,239,200 "
Immanuel Quickley,NYK,"$2,210,640 ","$2,316,240 ","$4,171,548 ",,,,1st Round Pick,"$2,210,640 "
John Konchar,MEM,"$2,197,674 ","$2,302,326 ","$2,406,977 ",,,,MLE,"$6,906,977 "
Quentin Grimes,NYK,"$2,168,760 ","$2,277,000 ","$2,385,720 ","$4,296,682 ",,,1st Round Pick,"$4,445,760 "
Jordan Poole,GSW,"$2,161,440 ","$3,901,399 ",,,,,1st Round Pick,"$2,161,440 "
Bol Bol,DEN,"$2,161,152 ",,,,,,MLE,"$2,161,152 "
Keldon Johnson,SAS,"$2,145,720 ","$3,873,025 ",,,,,1st Round Pick,"$2,145,720 "
,,Salary,,,,,,,
Payton Pritchard,BOS,"$2,137,440 ","$2,239,200 ","$4,037,278 ",,,,1st Round Pick,"$2,137,440 "
Kevin Porter Jr.,HOU,"$2,130,240 ","$3,845,083 ",,,,,1st Round Pick,"$2,130,240 "
Gary Clark,DEN,"$2,100,000 ",,,,,,,"$2,100,000 "
Bones Hyland,DEN,"$2,096,880 ","$2,201,400 ","$2,306,400 ","$4,158,439 ",,,1st Round Pick,"$4,298,280 "
Raul Neto,WAS,"$2,089,448 ",,,,,,Minimum Salary,"$2,089,448 "
Frank Kaminsky,PHO,"$2,089,448 ",,,,,,Minimum Salary,"$2,089,448 "
Nemanja Bjelica,GSW,"$2,089,448 ",,,,,,Minimum Salary,"$2,089,448 "
Stanley Johnson,CHI,"$2,089,448 ",,,,,,,
Udoka Azubuike,UTA,"$2,075,880 ","$2,174,880 ","$3,923,484 ",,,,1st Round Pick,"$2,075,880 "
Jaden McDaniels,MIN,"$2,063,280 ","$2,161,440 ","$3,901,399 ",,,,1st Round Pick,"$2,063,280 "
Malachi Flynn,TOR,"$2,048,040 ","$2,145,720 ","$3,873,025 ",,,,1st Round Pick,"$2,048,040 "
Cameron Thomas,BRK,"$2,036,280 ","$2,138,160 ","$2,240,040 ","$4,041,032 ",,,1st Round Pick,"$4,174,440 "
Desmond Bane,MEM,"$2,033,160 ","$2,130,240 ","$3,845,083 ",,,,1st Round Pick,"$2,033,160 "
Jaden Springer,PHI,"$2,023,800 ","$2,125,200 ","$2,226,360 ","$4,018,580 ",,,1st Round Pick,"$4,149,000 "
Day'Ron Sharpe,BRK,"$2,009,040 ","$2,109,360 ","$2,210,160 ","$3,989,339 ",,,1st Round Pick,"$4,118,400 "
Jeremiah Robinson-Earl,OKC,"$2,000,000 ","$2,000,000 ","$1,900,000 ","$1,988,598 ",,,MLE,"$4,000,000 "
Abdel Nader,PHO,"$2,000,000 ","$2,160,000 ",,,,,Bird,"$2,000,000 "
Théo Maledon,OKC,"$2,000,000 ","$1,900,000 ","$1,930,681 ",,,,MLE,"$2,000,000 "
Kenrich Williams,OKC,"$2,000,000 ","$2,000,000 ",,,,,,
Santi Aldama,MEM,"$1,994,520 ","$2,094,240 ","$2,194,200 ","$3,960,531 ",,,1st Round Pick,"$4,088,760 "
,,Salary,,,,,,,
Damian Jones,SAC,"$1,977,011 ",,,,,,,
Gary Payton II,GSW,"$1,977,011 ",,,,,,,
Rodney McGruder,DET,"$1,939,350 ",,,,,,Minimum Salary,"$1,939,350 "
DeAndre' Bembry,BRK,"$1,939,350 ",,,,,,Minimum Salary,"$750,000 "
Quinn Cook,POR,"$1,939,350 ",,,,,,,
Timothé Luwawu-Cabarrot,ATL,"$1,939,350 ",,,,,,,
Damion Lee,GSW,"$1,910,860 ",,,,,,,
Larry Sanders,MIL,"$1,865,547 ",,,,,,,"$1,865,547 "
Shake Milton,PHI,"$1,846,738 ","$1,997,718 ",,,,,Cap Space,"$1,846,738 "
Wesley Iwundu,CHO,"$1,824,003 ",,,,,,Minimum Salary,"$1,824,003 "
Mitchell Robinson,NYK,"$1,802,057 ",,,,,,MLE,"$1,802,057 "
Jalen Brunson,DAL,"$1,802,057 ",,,,,,,
Semi Ojeleye,MIL,"$1,789,256 ",,,,,,Minimum Salary,"$1,789,256 "
Malik Monk,LAL,"$1,789,256 ",,,,,,Minimum Salary,"$1,789,256 "
Frank Ntilikina,DAL,"$1,789,256 ","$2,036,318 ",,,,,Minimum Salary,"$1,789,256 "
Tony Bradley,CHI,"$1,789,256 ","$2,036,318 ",,,,,Minimum Salary,"$1,789,256 "
Sam Dekker,TOR,"$1,789,256 ",,,,,,Minimum Salary,"$350,000 "
Marquese Chriss,POR,"$1,789,256 ",,,,,,,
Dennis Smith Jr.,POR,"$1,789,256 ",,,,,,,
Chasson Randle,PHO,"$1,789,256 ",,,,,,,
,,Salary,,,,,,,
Shaquille Harrison,PHI,"$1,789,256 ",,,,,,,
D.J. Wilson,OKC,"$1,789,256 ",,,,,,,
Harry Giles,LAC,"$1,789,256 ",,,,,,,
Jared Cunningham,DET,"$1,789,256 ",,,,,,,
Tarik Black,DEN,"$1,789,256 ",,,,,,,
Denzel Valentine,CLE,"$1,789,256 ",,,,,,,
Ryan Arcidiacono,BOS,"$4,789,256 ",,,,,,,
Didi Louzada,NOP,"$3,304,859 ","$1,876,222 ","$1,965,566 ","$2,057,646 ",,,Non Bird,"$3,663,100 "
Terance Mann,LAC,"$1,782,621 ","$1,930,681 ","$10,576,923 ","$11,423,077 ",,,Minimum Salary,"$25,713,302 "
Eric Paschall,UTA,"$1,782,621 ",,,,,,MLE,"$1,782,621 "
KZ Okpala,MIA,"$1,782,621 ",,,,,,MLE,"$1,782,621 "
Cody Martin,CHO,"$1,782,621 ",,,,,,MLE,"$1,782,621 "
Nicolas Claxton,BRK,"$1,782,621 ",,,,,,Minimum Salary,"$1,782,621 "
Bruno Fernando,BOS,"$1,782,621 ",,,,,,Cap space,"$1,782,621 "
Luguentz Dort,OKC,"$1,782,621 ","$1,930,681 ",,,,,Minimum Salary,"$625,000 "
Daniel Gafford,WAS,"$1,782,621 ","$1,930,681 ",,,,,,
Miye Oni,UTA,"$1,782,621 ",,,,,,,
Isaiah Roby,OKC,"$1,782,621 ","$1,930,681 ",,,,,,
Naz Reid,MIN,"$1,782,621 ","$1,930,681 ",,,,,,
Jaylen Nowell,MIN,"$1,782,621 ","$1,930,681 ",,,,,,
,,Salary,,,,,,,
Mychal Mulder,GSW,"$1,782,621 ",,,,,,,
Vlatko ?an?ar,DEN,"$1,782,621 ",,,,,,,
Dean Wade,CLE,"$1,782,621 ","$1,930,681 ",,,,,,
Jalen McDaniels,CHO,"$1,782,621 ","$1,930,681 ",,,,,,
Drew Eubanks,SAS,"$1,762,796 ","$1,910,860 ",,,,,Minimum Salary,"$500,000 "
Chimezie Metu,SAC,"$1,762,796 ","$1,910,860 ",,,,,,
Yuta Watanabe,TOR,"$1,762,769 ",,,,,,,
Svi Mykhailiuk,TOR,"$1,729,217 ","$1,878,720 ",,,,,Minimum Salary,"$1,729,217 "
Keita Bates-Diop,SAS,"$1,729,217 ","$1,878,720 ",,,,,Minimum Salary,"$1,729,217 "
Moritz Wagner,ORL,"$1,729,217 ","$1,878,720 ",,,,,Minimum Salary,"$1,729,217 "
Thanasis Antetokounmpo,MIL,"$1,729,217 ","$1,878,720 ",,,,,Minimum Salary,"$1,729,217 "
Isaac Bonga,TOR,"$1,729,217 ",,,,,,,
Scotty Hopson,OKC,"$1,729,217 ",,,,,,,
Brandon Goodwin,NYK,"$1,729,217 ",,,,,,,
Wayne Selden,NYK,"$1,729,217 ",,,,,,,
Isaiah Hartenstein,LAC,"$3,430,810 ",,,,,,,
Brad Wanamaker,IND,"$3,458,434 ",,,,,,,
Brad Wanamaker,IND,"$3,458,434 ",,,,,,,
Alize Johnson,CHI,"$1,729,217 ","$1,878,720 ",,,,,,
Theo Pinson,BOS,"$1,729,217 ",,,,,,,
,,Salary,,,,,,,
Juan Toscano-Anderson,GSW,"$1,701,593 ",,,,,,Minimum Salary,"$1,701,593 "
DaQuan Jeffries,SAS,"$3,370,771 ",,,,,,,
Oshae Brissett,IND,"$1,701,593 ","$1,846,738 ",,,,,,
Kelan Martin,IND,"$1,701,593 ",,,,,,,
Moses Brown,DAL,"$1,701,593 ","$1,846,738 ","$1,997,718 ",,,,,
Isaiah Hartenstein,CLE,"$3,430,810 ",,,,,,,
Herb Jones,NOP,"$1,700,000 ","$1,785,000 ","$1,836,096 ",,,,MLE,"$3,485,000 "
Jordan McLaughlin,MIN,"$1,669,178 ","$1,815,677 ","$1,968,182 ",,,,Early Bird,"$5,453,037 "
Javonte Green,CHI,"$1,669,178 ","$1,815,677 ",,,,,Minimum Salary,"$3,484,855 "
Max Strus,MIA,"$1,669,178 ","$1,815,677 ",,,,,Minimum Salary,"$1,669,178 "
Gabe Vincent,MIA,"$1,669,178 ","$1,815,677 ",,,,,Minimum Salary,"$1,669,178 "
Kevin Pangos,CLE,"$1,669,178 ","$1,815,677 ",,,,,MLE,"$1,669,178 "
Matt Thomas,CHI,"$1,669,178 ",,,,,,Minimum Salary,"$1,669,178 "
Chris Silva,MIN,"$1,669,178 ",,,,,,,
Brian Bowen,MIN,"$1,669,178 ",,,,,,,
Tremont Waters,MIL,"$1,669,178 ",,,,,,,
Derrick Walton,DET,"$1,669,178 ",,,,,,,
Davon Reed,DEN,"$1,669,178 ",,,,,,,
Justin James,CLE,"$1,669,178 ",,,,,,,
Kyle Guy,CLE,"$1,669,178 ",,,,,,,
,,Salary,,,,,,,
Tacko Fall,CLE,"$1,669,178 ",,,,,,,
Tyler Cook,CHI,"$1,669,178 ",,,,,,,
Devontae Cacok,BRK,"$1,669,178 ",,,,,,,
Garrison Mathews,BOS,"$1,669,178 ",,,,,,,
DaQuan Jeffries,ATL,"$3,370,771 ",,,,,,,
Didi Louzada,NOP,"$3,304,859 ","$1,876,222 ","$1,965,566 ","$2,057,646 ",,,Minimum Salary,"$3,663,100 "
Xavier Tillman Sr.,MEM,"$1,517,981 ","$1,782,621 ","$1,930,681 ",,,,MLE,"$3,300,602 "
Tyrell Terry,DAL,"$1,517,981 ","$1,782,621 ","$1,930,681 ",,,,MLE,"$3,300,602 "
Vernon Carey Jr.,CHO,"$1,517,981 ","$1,782,621 ","$1,930,681 ",,,,Cap Space,"$3,300,602 "
Robert Woodard,SAC,"$1,517,981 ","$1,782,621 ","$1,930,681 ",,,,MLE,"$1,817,981 "
Elijah Hughes,UTA,"$1,517,981 ",,,,,,Minimum Salary,"$1,517,981 "
Tre Jones,SAS,"$1,517,981 ","$1,782,621 ",,,,,MLE,"$1,517,981 "
Jahmi'us Ramsey,SAC,"$1,517,981 ","$1,782,621 ",,,,,MLE,"$1,517,981 "
CJ Elleby,POR,"$1,517,981 ",,,,,,Minimum Salary,"$1,517,981 "
Isaiah Joe,PHI,"$1,517,981 ","$1,782,621 ",,,,,MLE,"$1,517,981 "
Naji Marshall,NOP,"$1,517,981 ","$1,782,621 ","$1,930,681 ",,,,MLE,"$1,517,981 "
Jordan Nwora,MIL,"$1,517,981 ",,,,,,Minimum Salary,"$1,517,981 "
Omer Yurtseven,MIA,"$3,007,046 ","$1,752,638 ",,,,,Minimum Salary,"$1,489,065 "
Sam Merrill,MEM,"$1,517,981 ",,,,,,Minimum Salary,"$500,000 "
Mamadi Diakite,OKC,"$1,517,981 ","$1,782,621 ",,,,,MLE,"$100,000 "
,,Salary,,,,,,,
Anthony Gill,WAS,"$1,517,981 ",,,,,,,
Paul Reed,PHI,"$1,517,981 ","$1,782,621 ",,,,,,
Kenyon Martin Jr.,HOU,"$1,517,981 ","$1,782,621 ","$1,930,681 ",,,,,
Jae'Sean Tate,HOU,"$1,517,981 ","$1,782,621 ",,,,,,
Lamar Stevens,CLE,"$1,517,981 ","$1,782,621 ","$1,930,681 ",,,,,
Isaiah Todd,WAS,"$1,500,000 ","$1,563,518 ","$1,836,096 ","$1,988,598 ",,,MLE,"$4,899,614 "
Saben Lee,DET,"$1,489,065 ","$1,752,638 ","$1,902,137 ",,,,Cap Space,"$3,241,703 "
Omer Yurtseven,MIA,"$3,007,046 ","$1,752,638 ",,,,,Minimum Salary,"$1,489,065 "
Armoni Brooks,HOU,"$1,489,065 ","$1,752,638 ","$1,902,137 ","$2,057,646 ",,,MLE,"$1,489,065 "
Malik Fitts,UTA,"$1,489,065 ",,,,,,,
Jaylen Morris,SAS,"$1,489,065 ",,,,,,,
Emanuel Terry,SAC,"$1,489,065 ",,,,,,,
Devin Cannady,ORL,"$1,489,065 ",,,,,,,
Admiral Schofield,ORL,"$1,789,065 ",,,,,,,
Jalen Lecque,MIL,"$1,489,065 ",,,,,,,
Cameron Oliver,LAL,"$2,978,130 ",,,,,,,
Cameron Oliver,LAL,"$2,978,130 ",,,,,,,
Nate Hinton,IND,"$1,489,065 ",,,,,,,
Cassius Stanley,DET,"$1,489,065 ",,,,,,,
J.R. Smith,CLE,"$1,456,666 ",,,,,,,"$1,456,666 "
,,Salary,,,,,,,
George Hill,PHI,"$4,000,000 ","$4,000,000 ",,,,,,"$1,275,491 "
DeMarre Carroll,SAS,"$1,252,127 ",,,,,,,"$1,252,127 "
JT Thor,CHO,"$1,250,000 ","$1,563,518 ","$1,836,096 ","$1,988,598 ",,,Cap Space,"$2,813,518 "
Jason Preston,LAC,"$1,062,303 ","$1,563,518 ","$1,836,096 ",,,,Mini MLE,"$2,625,821 "
Isaiah Livers,DET,"$1,057,260 ","$1,563,518 ","$1,836,096 ",,,,Cap Space,"$2,620,778 "
Guerschon Yabusele,BOS,"$1,039,080 ",,,,,,,"$1,039,080 "
Kyle Singler,OKC,"$999,200 ","$999,200 ",,,,,,"$1,998,400 "
Greg Brown III,POR,"$925,258 ","$1,563,518 ","$1,836,096 ",,,,Mini MLE,"$2,488,776 "
Miles McBride,NYK,"$925,258 ","$1,563,518 ","$1,836,096 ",,,,Cap Space,"$2,488,776 "
Brandon Boston Jr.,LAC,"$925,258 ","$1,563,518 ","$1,836,096 ",,,,Mini MLE,"$2,488,776 "
Marko Simonovic,CHI,"$925,258 ","$1,563,518 ","$1,836,096 ",,,,MLE,"$2,488,776 "
Vit Krejci,OKC,"$925,258 ","$1,563,518 ","$1,836,096 ","$1,988,598 ",,,MLE,"$1,707,017 "
Charles Bassey,PHI,"$925,258 ","$1,563,518 ","$1,836,096 ",,,,MLE,"$1,000,000 "
Jordan Goodwin,WAS,"$925,258 ",,,,,,Minimum Salary,"$925,258 "
Dalano Banton,TOR,"$925,258 ","$1,563,518 ",,,,,Minimum Salary,"$925,258 "
Jock Landale,SAS,"$925,258 ","$1,563,518 ",,,,,Minimum Salary,"$925,258 "
M.J. Walker,NYK,"$925,258 ",,,,,,Minimum Salary,"$925,258 "
Terry Taylor,IND,"$925,258 ",,,,,,Minimum Salary,"$925,258 "
Ayo Dosunmu,CHI,"$925,258 ","$1,563,518 ",,,,,Minimum Salary,"$925,258 "
David Duke,BRK,"$925,258 ",,,,,,Minimum Salary,"$925,258 "
,,Salary,,,,,,,
Georgios Kalaitzakis,MIL,"$925,258 ","$1,563,518 ","$1,836,096 ",,,,Mini MLE,"$462,629 "
Ishmail Wainright,TOR,"$925,258 ","$1,563,518 ",,,,,Minimum Salary,"$375,000 "
Devontae Shuler,WAS,"$925,258 ",,,,,,,
Nino Johnson,UTA,"$925,258 ",,,,,,,
Alex Antetokounmpo,TOR,"$925,258 ",,,,,,,
Josh Hall,TOR,"$925,258 ",,,,,,,
Denzel Mahoney,SAS,"$925,258 ",,,,,,,
Jeff Dowtin,ORL,"$925,258 ",,,,,,,
Hassani Gravett,ORL,"$925,258 ",,,,,,,
Aamir Simms,NYK,"$925,258 ",,,,,,,
John Petty Jr.,NOP,"$925,258 ",,,,,,,
Isaiah Miller,MIN,"$925,258 ",,,,,,,
Matt Lewis,MIN,"$925,258 ",,,,,,,
Javin DeLaurier,MIL,"$925,258 ",,,,,,,
Micah Potter,MIA,"$925,258 ",,,,,,,
Javonte Smart,MIA,"$925,258 ",,,,,,,
Dru Smith,MIA,"$925,258 ",,,,,,,
D. J. Stewart Jr.,MIA,"$925,258 ",,,,,,,
Matthew Hurt,MEM,"$925,258 ",,,,,,,
Ahmad Caver,MEM,"$925,258 ",,,,,,,
,,Salary,,,,,,,
Chaundee Brown Jr.,LAL,"$925,258 ",,,,,,,
Trevelin Queen,LAL,"$925,258 ",,,,,,,
Austin Reaves,LAL,"$925,258 ",,,,,,,
Keifer Sykes,IND,"$925,258 ",,,,,,,
Marcus Foster,HOU,"$925,258 ",,,,,,,
Daishen Nix,HOU,"$925,258 ",,,,,,,
L.J. Figueroa,GSW,"$925,258 ",,,,,,,
Luka Garza,DET,"$925,258 ",,,,,,,
Giorgi Bezhanishvili,DEN,"$925,258 ",,,,,,,
Mitch Ballock,CLE,"$925,258 ",,,,,,,
RJ Nembhard,CLE,"$925,258 ",,,,,,,
LiAngelo Ball,CHO,"$925,258 ",,,,,,,
Brandon Rachal,BRK,"$925,258 ",,,,,,,
Jordan Bowden,BRK,"$925,258 ",,,,,,,
Ibi Watson,ATL,"$1,850,516 ",,,,,,,
Ibi Watson,ATL,"$1,850,516 ",,,,,,,
Johnny Hamilton,ATL,"$925,258 ",,,,,,,
Patrick Patterson,OKC,"$3,378,757 ",,,,,,,"$737,066 "
Shaun Livingston,GSW,"$1,333,332 ",,,,,,,"$1,333,332 "
Shaun Livingston,GSW,"$1,333,332 ",,,,,,,"$1,333,332 "
,,Salary,,,,,,,
Admiral Schofield,OKC,"$1,789,065 ",,,,,,,"$300,000 "
Troy Williams,HOU,"$122,741 ","$122,741 ",,,,,,"$245,482 "
Demetrius Jackson,BOS,"$92,857 ","$92,857 ","$92,857 ",,,,,"$278,571 "
